{"accuracy": 0.8285714285714286, "specificity": 0.625, "sensitivity": 0.8651685393258427}